filename,label,iiif
Z156577207_00017_page17_01.jpg,"landscapes,25H","https://iiif.onb.ac.at/images/ABO/Z156577207/00017/159,94,1194,1466/full/0/native.jpg"
Z156577207_00019_page19_01.jpg,"landscapes,25H|animals,25F","https://iiif.onb.ac.at/images/ABO/Z156577207/00019/165,68,1189,1855/full/0/native.jpg"
Z156577207_00021_page21_01.jpg,"landscapes,25H","https://iiif.onb.ac.at/images/ABO/Z156577207/00021/152,49,1183,1855/full/0/native.jpg"
Z156577207_00024_page24_01.jpg,"landscapes,25H|plants;vegetation,25G","https://iiif.onb.ac.at/images/ABO/Z156577207/00024/227,78,1181,1394/full/0/native.jpg"
Z156577207_00027_page27_01.jpg,"plants;vegetation,25G","https://iiif.onb.ac.at/images/ABO/Z156577207/00027/150,34,1225,1151/full/0/native.jpg"
Z156577207_00035_page35_01.jpg,"landscapes,25H","https://iiif.onb.ac.at/images/ABO/Z156577207/00035/159,26,1172,1808/full/0/native.jpg"
Z156577207_00039_page39_01.jpg,"landscapes,25H|animals,25F","https://iiif.onb.ac.at/images/ABO/Z156577207/00039/153,95,1177,1802/full/0/native.jpg"
Z15657730X_00015_page15_01.jpg,"landscapes,25H","https://iiif.onb.ac.at/images/ABO/Z15657730X/00015/144,128,1180,1428/full/0/native.jpg"
Z15657730X_00017_page17_01.jpg,"animals,25F|landscapes,25H","https://iiif.onb.ac.at/images/ABO/Z15657730X/00017/154,85,1162,1877/full/0/native.jpg"
Z15657730X_00019_page19_01.jpg,"landscapes,25H","https://iiif.onb.ac.at/images/ABO/Z15657730X/00019/199,82,1186,1873/full/0/native.jpg"
Z15657730X_00022_page22_01.jpg,"landscapes,25H|plants;vegetation,25G","https://iiif.onb.ac.at/images/ABO/Z15657730X/00022/232,116,1169,1410/full/0/native.jpg"
Z15657730X_00033_page33_01.jpg,"landscapes,25H","https://iiif.onb.ac.at/images/ABO/Z15657730X/00033/152,162,1161,1815/full/0/native.jpg"
Z15657730X_00037_page37_01.jpg,"landscapes,25H|animals,25F","https://iiif.onb.ac.at/images/ABO/Z15657730X/00037/152,150,1159,1822/full/0/native.jpg"
Z156771000_00157_page157_01.jpg,"landscapes,25H|animals,25F","https://iiif.onb.ac.at/images/ABO/Z156771000/00157/168,1367,1165,625/full/0/native.jpg"
Z156843801_00002_page2_01.jpg,"plants;vegetation,25G","https://iiif.onb.ac.at/images/ABO/Z156843801/00002/94,208,962,1354/full/0/native.jpg"
Z156843801_00005_page5_01.jpg,"animals,25F","https://iiif.onb.ac.at/images/ABO/Z156843801/00005/385,1134,365,455/full/0/native.jpg"
Z15958790X_00043_page43_01.jpg,"animals,25F","https://iiif.onb.ac.at/images/ABO/Z15958790X/00043/111,364,1330,1486/full/0/native.jpg"
Z15958790X_00045_page45_01.jpg,"animals,25F","https://iiif.onb.ac.at/images/ABO/Z15958790X/00045/136,275,1307,1569/full/0/native.jpg"
Z15958790X_00092_page92_01.jpg,"animals,25F","https://iiif.onb.ac.at/images/ABO/Z15958790X/00092/0,159,1667,1748/full/0/native.jpg"
Z15958790X_00113_page113_01.jpg,"animals,25F","https://iiif.onb.ac.at/images/ABO/Z15958790X/00113/173,229,1309,1554/full/0/native.jpg"
Z15958790X_00126_page126_01.jpg,"landscapes,25H","https://iiif.onb.ac.at/images/ABO/Z15958790X/00126/62,183,1634,1682/full/0/native.jpg"
Z15958790X_00176_page176_01.jpg,"animals,25F","https://iiif.onb.ac.at/images/ABO/Z15958790X/00176/253,261,1328,1643/full/0/native.jpg"
Z15958790X_00182_page182_01.jpg,"animals,25F","https://iiif.onb.ac.at/images/ABO/Z15958790X/00182/263,241,1362,1572/full/0/native.jpg"
Z15958790X_00185_page185_01.jpg,"animals,25F","https://iiif.onb.ac.at/images/ABO/Z15958790X/00185/64,24,1522,1941/full/0/native.jpg"
Z159588009_00007_page7_01.jpg,"landscapes,25H|animals,25F|plants;vegetation,25G","https://iiif.onb.ac.at/images/ABO/Z159588009/00007/52,949,1506,1204/full/0/native.jpg"
Z159588009_00087_page87_01.jpg,"landscapes,25H|animals,25F|plants;vegetation,25G","https://iiif.onb.ac.at/images/ABO/Z159588009/00087/54,181,1511,1212/full/0/native.jpg"
Z159588009_00113_page113_01.jpg,"landscapes,25H|animals,25F|plants;vegetation,25G","https://iiif.onb.ac.at/images/ABO/Z159588009/00113/121,614,1497,1244/full/0/native.jpg"
Z160260500_00033_page33_01.jpg,"plants;vegetation,25G","https://iiif.onb.ac.at/images/ABO/Z160260500/00033/159,109,1325,1934/full/0/native.jpg"
Z160260500_00161_page161_01.jpg,"plants;vegetation,25G","https://iiif.onb.ac.at/images/ABO/Z160260500/00161/78,183,1267,1854/full/0/native.jpg"
Z160260500_00221_page221_01.jpg,"plants;vegetation,25G","https://iiif.onb.ac.at/images/ABO/Z160260500/00221/120,86,1298,1958/full/0/native.jpg"
Z160260500_00257_page257_01.jpg,"animals,25F","https://iiif.onb.ac.at/images/ABO/Z160260500/00257/84,94,1368,1954/full/0/native.jpg"
Z160260500_00315_page315_01.jpg,"animals,25F","https://iiif.onb.ac.at/images/ABO/Z160260500/00315/106,169,1303,1849/full/0/native.jpg"
Z160260500_00351_page351_01.jpg,"plants;vegetation,25G","https://iiif.onb.ac.at/images/ABO/Z160260500/00351/133,140,1312,1863/full/0/native.jpg"
Z165709803_00007_page7_01.jpg,"animals,25F|plants;vegetation,25G","https://iiif.onb.ac.at/images/ABO/Z165709803/00007/611,2259,729,948/full/0/native.jpg"
Z165709803_00378_page378_01.jpg,"maps;atlases,25A","https://iiif.onb.ac.at/images/ABO/Z165709803/00378/95,329,2046,1638/full/0/native.jpg"
Z165709803_00449_page449_01.jpg,"animals,25F|plants;vegetation,25G","https://iiif.onb.ac.at/images/ABO/Z165709803/00449/746,2042,729,958/full/0/native.jpg"
Z168091302_00007_page7_01.jpg,"landscapes,25H|animals,25F|plants;vegetation,25G","https://iiif.onb.ac.at/images/ABO/Z168091302/00007/110,875,1474,1167/full/0/native.jpg"
Z168091302_00087_page87_01.jpg,"landscapes,25H|animals,25F|plants;vegetation,25G","https://iiif.onb.ac.at/images/ABO/Z168091302/00087/52,87,1494,1242/full/0/native.jpg"
Z168091302_00113_page113_01.jpg,"landscapes,25H|animals,25F|plants;vegetation,25G","https://iiif.onb.ac.at/images/ABO/Z168091302/00113/32,594,1494,1217/full/0/native.jpg"
Z174856609_00007_page7_01.jpg,"animals,25F|plants;vegetation,25G","https://iiif.onb.ac.at/images/ABO/Z174856609/00007/799,2197,742,942/full/0/native.jpg"
Z174856609_00384_page384_01.jpg,"maps;atlases,25A","https://iiif.onb.ac.at/images/ABO/Z174856609/00384/72,159,2023,1674/full/0/native.jpg"
Z174856609_00457_page457_01.jpg,"animals,25F|plants;vegetation,25G","https://iiif.onb.ac.at/images/ABO/Z174856609/00457/691,2098,734,937/full/0/native.jpg"
Z175034204_00007_page7_01.jpg,"landscapes,25H|animals,25F|plants;vegetation,25G","https://iiif.onb.ac.at/images/ABO/Z175034204/00007/45,937,1503,1200/full/0/native.jpg"
Z175034204_00087_page87_01.jpg,"landscapes,25H|animals,25F|plants;vegetation,25G","https://iiif.onb.ac.at/images/ABO/Z175034204/00087/57,187,1508,1230/full/0/native.jpg"
Z175034204_00113_page113_01.jpg,"landscapes,25H|animals,25F|plants;vegetation,25G","https://iiif.onb.ac.at/images/ABO/Z175034204/00113/27,693,1466,1178/full/0/native.jpg"
Z175034204_00166_page166_01.jpg,"plants;vegetation,25G","https://iiif.onb.ac.at/images/ABO/Z175034204/00166/275,225,1118,1418/full/0/native.jpg"
Z176245508_00007_page7_01.jpg,"landscapes,25H|animals,25F|plants;vegetation,25G","https://iiif.onb.ac.at/images/ABO/Z176245508/00007/637,2330,879,725/full/0/native.jpg"
Z176245508_00009_page9_01.jpg,"animals,25F|plants;vegetation,25G","https://iiif.onb.ac.at/images/ABO/Z176245508/00009/225,617,1767,1345/full/0/native.jpg"
Z176245508_00019_page19_01.jpg,"landscapes,25H|animals,25F","https://iiif.onb.ac.at/images/ABO/Z176245508/00019/194,815,1737,1302/full/0/native.jpg"
Z177009407_00007_page7_01.jpg,"animals,25F","https://iiif.onb.ac.at/images/ABO/Z177009407/00007/101,1106,1169,827/full/0/native.jpg"
Z184140306_00007_page7_01.jpg,"landscapes,25H|animals,25F|plants;vegetation,25G","https://iiif.onb.ac.at/images/ABO/Z184140306/00007/98,900,1494,1207/full/0/native.jpg"
Z184140306_00087_page87_01.jpg,"landscapes,25H|animals,25F|plants;vegetation,25G","https://iiif.onb.ac.at/images/ABO/Z184140306/00087/55,167,1504,1217/full/0/native.jpg"
Z184140306_00113_page113_01.jpg,"landscapes,25H|animals,25F|plants;vegetation,25G","https://iiif.onb.ac.at/images/ABO/Z184140306/00113/51,646,1512,1230/full/0/native.jpg"
Z184140306_00166_page166_01.jpg,"plants;vegetation,25G","https://iiif.onb.ac.at/images/ABO/Z184140306/00166/284,213,1104,1368/full/0/native.jpg"
Z184400900_00007_page7_01.jpg,"animals,25F","https://iiif.onb.ac.at/images/ABO/Z184400900/00007/160,1032,1156,826/full/0/native.jpg"
Z185912505_00013_page13_02.jpg,"plants;vegetation,25G|maps;atlases,25A","https://iiif.onb.ac.at/images/ABO/Z185912505/00013/208,2577,797,622/full/0/native.jpg"
Z185912505_00014_page14_01.jpg,"landscapes,25H","https://iiif.onb.ac.at/images/ABO/Z185912505/00014/509,752,1003,1276/full/0/native.jpg"
Z185912505_00017_page17_01.jpg,"landscapes,25H|plants;vegetation,25G","https://iiif.onb.ac.at/images/ABO/Z185912505/00017/249,2272,778,604/full/0/native.jpg"
Z185912505_00017_page17_02.jpg,"plants;vegetation,25G","https://iiif.onb.ac.at/images/ABO/Z185912505/00017/251,1269,946,601/full/0/native.jpg"
Z185912505_00018_page18_01.jpg,"animals,25F|plants;vegetation,25G","https://iiif.onb.ac.at/images/ABO/Z185912505/00018/1375,466,807,575/full/0/native.jpg"
Z185912505_00018_page18_02.jpg,"animals,25F|plants;vegetation,25G","https://iiif.onb.ac.at/images/ABO/Z185912505/00018/566,445,742,607/full/0/native.jpg"
Z185912505_00020_page20_01.jpg,"plants;vegetation,25G","https://iiif.onb.ac.at/images/ABO/Z185912505/00020/491,1455,984,910/full/0/native.jpg"
Z185912505_00021_page21_01.jpg,"plants;vegetation,25G","https://iiif.onb.ac.at/images/ABO/Z185912505/00021/260,2050,779,578/full/0/native.jpg"
Z185912505_00021_page21_02.jpg,"landscapes,25H","https://iiif.onb.ac.at/images/ABO/Z185912505/00021/256,1104,785,591/full/0/native.jpg"
Z185912505_00023_page23_01.jpg,"animals,25F|plants;vegetation,25G","https://iiif.onb.ac.at/images/ABO/Z185912505/00023/228,1042,772,578/full/0/native.jpg"
Z185912505_00025_page25_01.jpg,"landscapes,25H","https://iiif.onb.ac.at/images/ABO/Z185912505/00025/197,400,779,604/full/0/native.jpg"
Z185912505_00026_page26_01.jpg,"animals,25F","https://iiif.onb.ac.at/images/ABO/Z185912505/00026/511,906,823,593/full/0/native.jpg"
Z185912505_00031_page31_01.jpg,"landscapes,25H|animals,25F|plants;vegetation,25G","https://iiif.onb.ac.at/images/ABO/Z185912505/00031/244,2015,903,920/full/0/native.jpg"
Z185912505_00031_page31_02.jpg,"animals,25F","https://iiif.onb.ac.at/images/ABO/Z185912505/00031/1177,2000,775,593/full/0/native.jpg"
Z185912505_00032_page32_01.jpg,"animals,25F","https://iiif.onb.ac.at/images/ABO/Z185912505/00032/485,953,789,583/full/0/native.jpg"
Z185912505_00033_page33_01.jpg,"animals,25F|plants;vegetation,25G","https://iiif.onb.ac.at/images/ABO/Z185912505/00033/1140,969,771,573/full/0/native.jpg"
Z185912505_00033_page33_02.jpg,"animals,25F|plants;vegetation,25G","https://iiif.onb.ac.at/images/ABO/Z185912505/00033/304,975,798,567/full/0/native.jpg"
Z185912505_00034_page34_01.jpg,"plants;vegetation,25G","https://iiif.onb.ac.at/images/ABO/Z185912505/00034/485,892,871,589/full/0/native.jpg"
Z185912505_00034_page34_02.jpg,"landscapes,25H|animals,25F|plants;vegetation,25G","https://iiif.onb.ac.at/images/ABO/Z185912505/00034/462,1739,833,596/full/0/native.jpg"
Z185912505_00035_page35_01.jpg,"landscapes,25H|plants;vegetation,25G","https://iiif.onb.ac.at/images/ABO/Z185912505/00035/251,1847,1679,1466/full/0/native.jpg"
Z185912505_00036_page36_01.jpg,"plants;vegetation,25G","https://iiif.onb.ac.at/images/ABO/Z185912505/00036/465,2240,808,600/full/0/native.jpg"
Z185912505_00036_page36_02.jpg,"landscapes,25H","https://iiif.onb.ac.at/images/ABO/Z185912505/00036/471,1199,768,588/full/0/native.jpg"
Z185912505_00037_page37_01.jpg,"landscapes,25H","https://iiif.onb.ac.at/images/ABO/Z185912505/00037/224,1651,776,660/full/0/native.jpg"
Z185912505_00037_page37_03.jpg,"landscapes,25H|plants;vegetation,25G","https://iiif.onb.ac.at/images/ABO/Z185912505/00037/252,367,772,602/full/0/native.jpg"
Z185912505_00038_page38_02.jpg,"animals,25F","https://iiif.onb.ac.at/images/ABO/Z185912505/00038/474,2302,778,580/full/0/native.jpg"
Z185912505_00043_page43_01.jpg,"animals,25F","https://iiif.onb.ac.at/images/ABO/Z185912505/00043/1132,2132,770,571/full/0/native.jpg"
Z185912505_00045_page45_01.jpg,"animals,25F","https://iiif.onb.ac.at/images/ABO/Z185912505/00045/249,2220,863,685/full/0/native.jpg"
Z185912505_00046_page46_01.jpg,"animals,25F","https://iiif.onb.ac.at/images/ABO/Z185912505/00046/493,2232,881,607/full/0/native.jpg"
Z185912505_00046_page46_02.jpg,"animals,25F","https://iiif.onb.ac.at/images/ABO/Z185912505/00046/507,1113,786,569/full/0/native.jpg"
Z185912505_00052_page52_01.jpg,"plants;vegetation,25G","https://iiif.onb.ac.at/images/ABO/Z185912505/00052/424,2654,870,605/full/0/native.jpg"
Z185912505_00052_page52_02.jpg,"animals,25F","https://iiif.onb.ac.at/images/ABO/Z185912505/00052/452,1577,771,591/full/0/native.jpg"
Z185912505_00053_page53_01.jpg,"plants;vegetation,25G","https://iiif.onb.ac.at/images/ABO/Z185912505/00053/208,2574,780,572/full/0/native.jpg"
Z185912505_00056_page56_01.jpg,"animals,25F","https://iiif.onb.ac.at/images/ABO/Z185912505/00056/456,788,766,577/full/0/native.jpg"
Z185912505_00058_page58_02.jpg,"animals,25F|plants;vegetation,25G","https://iiif.onb.ac.at/images/ABO/Z185912505/00058/466,2311,778,591/full/0/native.jpg"
Z185912505_00063_page63_01.jpg,"landscapes,25H|animals,25F","https://iiif.onb.ac.at/images/ABO/Z185912505/00063/220,1436,776,571/full/0/native.jpg"
Z185912505_00064_page64_01.jpg,"landscapes,25H|plants;vegetation,25G","https://iiif.onb.ac.at/images/ABO/Z185912505/00064/464,695,773,615/full/0/native.jpg"
Z185912505_00065_page65_01.jpg,"landscapes,25H|animals,25F|plants;vegetation,25G","https://iiif.onb.ac.at/images/ABO/Z185912505/00065/237,2582,780,584/full/0/native.jpg"
Z185912505_00067_page67_01.jpg,"plants;vegetation,25G","https://iiif.onb.ac.at/images/ABO/Z185912505/00067/256,885,841,1329/full/0/native.jpg"
Z185912505_00068_page68_01.jpg,"animals,25F","https://iiif.onb.ac.at/images/ABO/Z185912505/00068/466,1294,778,578/full/0/native.jpg"
Z185912505_00074_page74_01.jpg,"animals,25F","https://iiif.onb.ac.at/images/ABO/Z185912505/00074/499,435,691,621/full/0/native.jpg"
Z185912505_00075_page75_01.jpg,"plants;vegetation,25G","https://iiif.onb.ac.at/images/ABO/Z185912505/00075/235,2078,846,680/full/0/native.jpg"
Z185912505_00076_page76_02.jpg,"animals,25F|plants;vegetation,25G","https://iiif.onb.ac.at/images/ABO/Z185912505/00076/534,2337,779,573/full/0/native.jpg"
Z185912505_00077_page77_01.jpg,"plants;vegetation,25G","https://iiif.onb.ac.at/images/ABO/Z185912505/00077/235,2546,768,591/full/0/native.jpg"
Z185912505_00078_page78_01.jpg,"plants;vegetation,25G","https://iiif.onb.ac.at/images/ABO/Z185912505/00078/468,2462,868,630/full/0/native.jpg"
Z185912505_00082_page82_01.jpg,"landscapes,25H","https://iiif.onb.ac.at/images/ABO/Z185912505/00082/472,2615,872,624/full/0/native.jpg"
Z185912505_00082_page82_02.jpg,"landscapes,25H|animals,25F|plants;vegetation,25G","https://iiif.onb.ac.at/images/ABO/Z185912505/00082/393,375,954,630/full/0/native.jpg"
Z185912505_00086_page86_01.jpg,"landscapes,25H|plants;vegetation,25G","https://iiif.onb.ac.at/images/ABO/Z185912505/00086/485,369,756,597/full/0/native.jpg"
Z185912505_00092_page92_01.jpg,"animals,25F|plants;vegetation,25G","https://iiif.onb.ac.at/images/ABO/Z185912505/00092/465,1082,1286,723/full/0/native.jpg"
Z185912505_00097_page97_01.jpg,"landscapes,25H|plants;vegetation,25G","https://iiif.onb.ac.at/images/ABO/Z185912505/00097/228,2145,918,729/full/0/native.jpg"
Z185912505_00097_page97_02.jpg,"animals,25F","https://iiif.onb.ac.at/images/ABO/Z185912505/00097/250,581,619,724/full/0/native.jpg"
Z185912505_00100_page100_01.jpg,"landscapes,25H|animals,25F","https://iiif.onb.ac.at/images/ABO/Z185912505/00100/492,335,775,636/full/0/native.jpg"
Z185912505_00102_page102_02.jpg,"landscapes,25H","https://iiif.onb.ac.at/images/ABO/Z185912505/00102/464,2582,774,601/full/0/native.jpg"
Z185912505_00108_page108_01.jpg,"plants;vegetation,25G","https://iiif.onb.ac.at/images/ABO/Z185912505/00108/472,1328,766,576/full/0/native.jpg"
Z185912505_00108_page108_02.jpg,"animals,25F|plants;vegetation,25G","https://iiif.onb.ac.at/images/ABO/Z185912505/00108/471,314,765,636/full/0/native.jpg"
Z185912505_00113_page113_01.jpg,"landscapes,25H|animals,25F|plants;vegetation,25G","https://iiif.onb.ac.at/images/ABO/Z185912505/00113/270,544,1689,2746/full/0/native.jpg"
Z185912505_00114_page114_01.jpg,"plants;vegetation,25G","https://iiif.onb.ac.at/images/ABO/Z185912505/00114/1372,2566,780,579/full/0/native.jpg"
Z185912505_00114_page114_02.jpg,"animals,25F","https://iiif.onb.ac.at/images/ABO/Z185912505/00114/527,2551,782,591/full/0/native.jpg"
Z185912505_00115_page115_01.jpg,"plants;vegetation,25G","https://iiif.onb.ac.at/images/ABO/Z185912505/00115/282,794,907,765/full/0/native.jpg"
Z185912505_00115_page115_02.jpg,"animals,25F","https://iiif.onb.ac.at/images/ABO/Z185912505/00115/267,2263,989,742/full/0/native.jpg"
Z185912505_00118_page118_03.jpg,"landscapes,25H|animals,25F|plants;vegetation,25G","https://iiif.onb.ac.at/images/ABO/Z185912505/00118/494,2534,1145,644/full/0/native.jpg"
Z185912505_00119_page119_01.jpg,"animals,25F","https://iiif.onb.ac.at/images/ABO/Z185912505/00119/245,1199,1021,742/full/0/native.jpg"
Z185912505_00124_page124_01.jpg,"landscapes,25H|animals,25F|plants;vegetation,25G","https://iiif.onb.ac.at/images/ABO/Z185912505/00124/280,1776,1899,1364/full/0/native.jpg"
Z185912505_00126_page126_01.jpg,"animals,25F|plants;vegetation,25G","https://iiif.onb.ac.at/images/ABO/Z185912505/00126/497,702,1118,876/full/0/native.jpg"
Z185912505_00126_page126_02.jpg,"landscapes,25H","https://iiif.onb.ac.at/images/ABO/Z185912505/00126/499,2150,968,819/full/0/native.jpg"
Z185912505_00127_page127_01.jpg,"animals,25F","https://iiif.onb.ac.at/images/ABO/Z185912505/00127/257,1548,1180,1166/full/0/native.jpg"
Z185912505_00128_page128_02.jpg,"landscapes,25H","https://iiif.onb.ac.at/images/ABO/Z185912505/00128/464,2271,894,889/full/0/native.jpg"
Z185912505_00129_page129_01.jpg,"landscapes,25H|animals,25F|plants;vegetation,25G","https://iiif.onb.ac.at/images/ABO/Z185912505/00129/234,333,768,591/full/0/native.jpg"
Z185912505_00129_page129_03.jpg,"animals,25F","https://iiif.onb.ac.at/images/ABO/Z185912505/00129/244,2537,887,599/full/0/native.jpg"
Z185912505_00130_page130_01.jpg,"landscapes,25H","https://iiif.onb.ac.at/images/ABO/Z185912505/00130/456,886,877,862/full/0/native.jpg"
Z185912505_00132_page132_01.jpg,"animals,25F|plants;vegetation,25G","https://iiif.onb.ac.at/images/ABO/Z185912505/00132/389,343,1040,1747/full/0/native.jpg"
Z185912505_00134_page134_01.jpg,"plants;vegetation,25G","https://iiif.onb.ac.at/images/ABO/Z185912505/00134/457,647,981,878/full/0/native.jpg"
Z185912505_00136_page136_01.jpg,"maps;atlases,25A","https://iiif.onb.ac.at/images/ABO/Z185912505/00136/469,801,756,574/full/0/native.jpg"
Z185912505_00137_page137_01.jpg,"animals,25F|plants;vegetation,25G","https://iiif.onb.ac.at/images/ABO/Z185912505/00137/238,842,1712,1668/full/0/native.jpg"
Z185912505_00139_page139_01.jpg,"landscapes,25H|animals,25F|plants;vegetation,25G","https://iiif.onb.ac.at/images/ABO/Z185912505/00139/263,757,1865,1339/full/0/native.jpg"
Z185912505_00139_page139_02.jpg,"animals,25F","https://iiif.onb.ac.at/images/ABO/Z185912505/00139/215,2144,1147,864/full/0/native.jpg"
Z185912505_00140_page140_01.jpg,"animals,25F","https://iiif.onb.ac.at/images/ABO/Z185912505/00140/483,1017,1236,879/full/0/native.jpg"
Z185912505_00141_page141_01.jpg,"animals,25F","https://iiif.onb.ac.at/images/ABO/Z185912505/00141/168,2277,848,814/full/0/native.jpg"
Z185912505_00141_page141_02.jpg,"animals,25F","https://iiif.onb.ac.at/images/ABO/Z185912505/00141/156,1230,884,872/full/0/native.jpg"
Z185912505_00144_page144_01.jpg,"animals,25F","https://iiif.onb.ac.at/images/ABO/Z185912505/00144/479,1190,835,806/full/0/native.jpg"
Z185912505_00146_page146_01.jpg,"landscapes,25H|animals,25F|plants;vegetation,25G","https://iiif.onb.ac.at/images/ABO/Z185912505/00146/478,1372,786,586/full/0/native.jpg"
Z185912505_00147_page147_01.jpg,"animals,25F","https://iiif.onb.ac.at/images/ABO/Z185912505/00147/194,839,963,1781/full/0/native.jpg"
Z185912505_00147_page147_02.jpg,"animals,25F","https://iiif.onb.ac.at/images/ABO/Z185912505/00147/196,876,928,870/full/0/native.jpg"
Z185912505_00149_page149_01.jpg,"animals,25F","https://iiif.onb.ac.at/images/ABO/Z185912505/00149/244,1474,896,872/full/0/native.jpg"
Z185912505_00152_page152_01.jpg,"animals,25F","https://iiif.onb.ac.at/images/ABO/Z185912505/00152/428,2291,927,857/full/0/native.jpg"
Z185912505_00153_page153_01.jpg,"animals,25F","https://iiif.onb.ac.at/images/ABO/Z185912505/00153/221,1302,857,832/full/0/native.jpg"
Z185912505_00156_page156_01.jpg,"animals,25F|plants;vegetation,25G","https://iiif.onb.ac.at/images/ABO/Z185912505/00156/467,817,814,593/full/0/native.jpg"
Z185912505_00159_page159_01.jpg,"animals,25F","https://iiif.onb.ac.at/images/ABO/Z185912505/00159/241,905,778,587/full/0/native.jpg"
Z185912505_00166_page166_01.jpg,"plants;vegetation,25G","https://iiif.onb.ac.at/images/ABO/Z185912505/00166/487,1691,848,1387/full/0/native.jpg"
Z185912505_00171_page171_01.jpg,"plants;vegetation,25G","https://iiif.onb.ac.at/images/ABO/Z185912505/00171/249,2255,930,872/full/0/native.jpg"
Z185912505_00177_page177_01.jpg,"landscapes,25H|plants;vegetation,25G","https://iiif.onb.ac.at/images/ABO/Z185912505/00177/243,2459,917,718/full/0/native.jpg"
Z185912505_00181_page181_01.jpg,"animals,25F","https://iiif.onb.ac.at/images/ABO/Z185912505/00181/234,761,1798,771/full/0/native.jpg"
Z185912505_00183_page183_01.jpg,"plants;vegetation,25G","https://iiif.onb.ac.at/images/ABO/Z185912505/00183/230,400,846,681/full/0/native.jpg"
Z185912505_00184_page184_01.jpg,"plants;vegetation,25G","https://iiif.onb.ac.at/images/ABO/Z185912505/00184/474,1737,666,955/full/0/native.jpg"
Z185912505_00185_page185_01.jpg,"landscapes,25H|plants;vegetation,25G","https://iiif.onb.ac.at/images/ABO/Z185912505/00185/140,672,762,601/full/0/native.jpg"
Z185912505_00185_page185_03.jpg,"animals,25F","https://iiif.onb.ac.at/images/ABO/Z185912505/00185/154,2435,757,625/full/0/native.jpg"
Z185912505_00186_page186_02.jpg,"plants;vegetation,25G","https://iiif.onb.ac.at/images/ABO/Z185912505/00186/484,811,635,973/full/0/native.jpg"
Z185912505_00187_page187_01.jpg,"landscapes,25H","https://iiif.onb.ac.at/images/ABO/Z185912505/00187/249,2343,778,604/full/0/native.jpg"
Z185912505_00187_page187_02.jpg,"animals,25F","https://iiif.onb.ac.at/images/ABO/Z185912505/00187/251,1037,1211,707/full/0/native.jpg"
Z185912505_00188_page188_01.jpg,"animals,25F","https://iiif.onb.ac.at/images/ABO/Z185912505/00188/447,1222,784,765/full/0/native.jpg"
Z185912505_00188_page188_02.jpg,"animals,25F","https://iiif.onb.ac.at/images/ABO/Z185912505/00188/454,2182,784,579/full/0/native.jpg"
Z185912505_00188_page188_03.jpg,"landscapes,25H","https://iiif.onb.ac.at/images/ABO/Z185912505/00188/432,371,799,650/full/0/native.jpg"
Z185912505_00190_page190_01.jpg,"landscapes,25H","https://iiif.onb.ac.at/images/ABO/Z185912505/00190/449,1616,777,628/full/0/native.jpg"
Z185912505_00190_page190_02.jpg,"animals,25F","https://iiif.onb.ac.at/images/ABO/Z185912505/00190/438,696,827,600/full/0/native.jpg"
Z185912505_00191_page191_01.jpg,"landscapes,25H","https://iiif.onb.ac.at/images/ABO/Z185912505/00191/276,1089,1615,1037/full/0/native.jpg"
Z185912505_00194_page194_02.jpg,"landscapes,25H","https://iiif.onb.ac.at/images/ABO/Z185912505/00194/468,745,773,602/full/0/native.jpg"
Z185912505_00194_page194_03.jpg,"animals,25F","https://iiif.onb.ac.at/images/ABO/Z185912505/00194/476,2477,806,617/full/0/native.jpg"
Z185912505_00197_page197_01.jpg,"animals,25F|plants;vegetation,25G","https://iiif.onb.ac.at/images/ABO/Z185912505/00197/275,921,1629,771/full/0/native.jpg"
Z185912505_00198_page198_02.jpg,"landscapes,25H","https://iiif.onb.ac.at/images/ABO/Z185912505/00198/471,1435,794,596/full/0/native.jpg"
Z185912505_00198_page198_03.jpg,"landscapes,25H","https://iiif.onb.ac.at/images/ABO/Z185912505/00198/474,620,781,588/full/0/native.jpg"
Z185912505_00199_page199_01.jpg,"landscapes,25H","https://iiif.onb.ac.at/images/ABO/Z185912505/00199/234,492,920,897/full/0/native.jpg"
Z185912505_00199_page199_02.jpg,"landscapes,25H|plants;vegetation,25G","https://iiif.onb.ac.at/images/ABO/Z185912505/00199/228,1826,950,905/full/0/native.jpg"
Z185912505_00202_page202_02.jpg,"landscapes,25H|plants;vegetation,25G","https://iiif.onb.ac.at/images/ABO/Z185912505/00202/438,1073,784,612/full/0/native.jpg"
Z185912505_00203_page203_01.jpg,"animals,25F","https://iiif.onb.ac.at/images/ABO/Z185912505/00203/185,1834,1825,790/full/0/native.jpg"
Z185912505_00203_page203_02.jpg,"plants;vegetation,25G","https://iiif.onb.ac.at/images/ABO/Z185912505/00203/204,735,682,890/full/0/native.jpg"
Z185912505_00205_page205_01.jpg,"plants;vegetation,25G","https://iiif.onb.ac.at/images/ABO/Z185912505/00205/205,997,1236,2192/full/0/native.jpg"
Z185912505_00206_page206_01.jpg,"animals,25F|plants;vegetation,25G","https://iiif.onb.ac.at/images/ABO/Z185912505/00206/464,1618,789,584/full/0/native.jpg"
Z185912505_00207_page207_01.jpg,"landscapes,25H|plants;vegetation,25G","https://iiif.onb.ac.at/images/ABO/Z185912505/00207/251,1459,1710,1568/full/0/native.jpg"
Z185912505_00208_page208_02.jpg,"maps;atlases,25A","https://iiif.onb.ac.at/images/ABO/Z185912505/00208/495,1551,791,584/full/0/native.jpg"
Z185912505_00209_page209_01.jpg,"landscapes,25H|plants;vegetation,25G","https://iiif.onb.ac.at/images/ABO/Z185912505/00209/190,513,949,953/full/0/native.jpg"
Z185912505_00210_page210_01.jpg,"landscapes,25H|animals,25F|plants;vegetation,25G","https://iiif.onb.ac.at/images/ABO/Z185912505/00210/498,1485,791,569/full/0/native.jpg"
Z185912505_00210_page210_02.jpg,"landscapes,25H|plants;vegetation,25G","https://iiif.onb.ac.at/images/ABO/Z185912505/00210/489,2591,794,602/full/0/native.jpg"
Z185912505_00212_page212_01.jpg,"plants;vegetation,25G","https://iiif.onb.ac.at/images/ABO/Z185912505/00212/420,1549,967,957/full/0/native.jpg"
Z185912505_00212_page212_02.jpg,"animals,25F","https://iiif.onb.ac.at/images/ABO/Z185912505/00212/461,817,774,594/full/0/native.jpg"
Z185912505_00213_page213_01.jpg,"plants;vegetation,25G","https://iiif.onb.ac.at/images/ABO/Z185912505/00213/241,682,776,590/full/0/native.jpg"
Z185912505_00214_page214_01.jpg,"landscapes,25H","https://iiif.onb.ac.at/images/ABO/Z185912505/00214/489,1649,782,610/full/0/native.jpg"
Z185912505_00214_page214_03.jpg,"landscapes,25H","https://iiif.onb.ac.at/images/ABO/Z185912505/00214/485,2586,777,597/full/0/native.jpg"
Z185912505_00215_page215_02.jpg,"landscapes,25H","https://iiif.onb.ac.at/images/ABO/Z185912505/00215/249,2404,808,647/full/0/native.jpg"
Z185912505_00216_page216_02.jpg,"animals,25F","https://iiif.onb.ac.at/images/ABO/Z185912505/00216/484,436,777,614/full/0/native.jpg"
Z185912505_00217_page217_01.jpg,"landscapes,25H","https://iiif.onb.ac.at/images/ABO/Z185912505/00217/251,793,1670,972/full/0/native.jpg"
Z185912505_00218_page218_02.jpg,"animals,25F","https://iiif.onb.ac.at/images/ABO/Z185912505/00218/485,2577,787,595/full/0/native.jpg"
Z185912505_00219_page219_01.jpg,"landscapes,25H","https://iiif.onb.ac.at/images/ABO/Z185912505/00219/230,2032,944,907/full/0/native.jpg"
Z185912505_00219_page219_02.jpg,"animals,25F","https://iiif.onb.ac.at/images/ABO/Z185912505/00219/258,972,1176,751/full/0/native.jpg"
Z185912505_00220_page220_02.jpg,"landscapes,25H","https://iiif.onb.ac.at/images/ABO/Z185912505/00220/498,1907,779,585/full/0/native.jpg"
Z185912505_00221_page221_01.jpg,"landscapes,25H","https://iiif.onb.ac.at/images/ABO/Z185912505/00221/222,625,769,600/full/0/native.jpg"
Z185912505_00226_page226_01.jpg,"landscapes,25H|plants;vegetation,25G","https://iiif.onb.ac.at/images/ABO/Z185912505/00226/505,929,994,1259/full/0/native.jpg"
Z185912505_00227_page227_01.jpg,"animals,25F","https://iiif.onb.ac.at/images/ABO/Z185912505/00227/181,1046,855,833/full/0/native.jpg"
Z185912505_00230_page230_01.jpg,"plants;vegetation,25G","https://iiif.onb.ac.at/images/ABO/Z185912505/00230/496,1466,845,1362/full/0/native.jpg"
Z185912505_00233_page233_01.jpg,"animals,25F|plants;vegetation,25G","https://iiif.onb.ac.at/images/ABO/Z185912505/00233/243,1468,757,575/full/0/native.jpg"
Z185912505_00234_page234_02.jpg,"animals,25F","https://iiif.onb.ac.at/images/ABO/Z185912505/00234/501,2432,1171,753/full/0/native.jpg"
Z185912505_00236_page236_01.jpg,"landscapes,25H|animals,25F|plants;vegetation,25G","https://iiif.onb.ac.at/images/ABO/Z185912505/00236/458,2093,788,613/full/0/native.jpg"
Z185912505_00237_page237_01.jpg,"maps;atlases,25A","https://iiif.onb.ac.at/images/ABO/Z185912505/00237/252,1104,1773,903/full/0/native.jpg"
Z185912505_00238_page238_02.jpg,"animals,25F","https://iiif.onb.ac.at/images/ABO/Z185912505/00238/497,1571,1142,732/full/0/native.jpg"
Z185912505_00239_page239_01.jpg,"landscapes,25H","https://iiif.onb.ac.at/images/ABO/Z185912505/00239/232,402,781,585/full/0/native.jpg"
Z185912505_00240_page240_01.jpg,"landscapes,25H|animals,25F|plants;vegetation,25G","https://iiif.onb.ac.at/images/ABO/Z185912505/00240/489,2368,791,596/full/0/native.jpg"
Z185912505_00241_page241_02.jpg,"landscapes,25H","https://iiif.onb.ac.at/images/ABO/Z185912505/00241/243,1939,788,574/full/0/native.jpg"
Z185912505_00242_page242_01.jpg,"landscapes,25H","https://iiif.onb.ac.at/images/ABO/Z185912505/00242/281,1373,1903,1387/full/0/native.jpg"
Z185912505_00243_page243_02.jpg,"landscapes,25H|animals,25F|plants;vegetation,25G","https://iiif.onb.ac.at/images/ABO/Z185912505/00243/255,2614,781,598/full/0/native.jpg"
Z185912505_00243_page243_03.jpg,"animals,25F|plants;vegetation,25G","https://iiif.onb.ac.at/images/ABO/Z185912505/00243/238,790,780,614/full/0/native.jpg"
Z185912505_00244_page244_01.jpg,"plants;vegetation,25G","https://iiif.onb.ac.at/images/ABO/Z185912505/00244/476,2127,679,944/full/0/native.jpg"
Z185912505_00244_page244_02.jpg,"landscapes,25H","https://iiif.onb.ac.at/images/ABO/Z185912505/00244/457,1305,783,593/full/0/native.jpg"
Z185912505_00245_page245_01.jpg,"animals,25F","https://iiif.onb.ac.at/images/ABO/Z185912505/00245/159,687,779,610/full/0/native.jpg"
Z185912505_00248_page248_01.jpg,"landscapes,25H","https://iiif.onb.ac.at/images/ABO/Z185912505/00248/496,1899,1693,999/full/0/native.jpg"
Z185912505_00249_page249_01.jpg,"animals,25F","https://iiif.onb.ac.at/images/ABO/Z185912505/00249/226,1424,780,594/full/0/native.jpg"
Z185912505_00250_page250_01.jpg,"landscapes,25H|plants;vegetation,25G","https://iiif.onb.ac.at/images/ABO/Z185912505/00250/481,814,773,587/full/0/native.jpg"
Z185912505_00250_page250_02.jpg,"landscapes,25H","https://iiif.onb.ac.at/images/ABO/Z185912505/00250/492,1789,778,599/full/0/native.jpg"
Z185912505_00251_page251_01.jpg,"landscapes,25H|plants;vegetation,25G","https://iiif.onb.ac.at/images/ABO/Z185912505/00251/242,1232,1665,1448/full/0/native.jpg"
Z185912505_00253_page253_01.jpg,"maps;atlases,25A","https://iiif.onb.ac.at/images/ABO/Z185912505/00253/269,1573,1800,1466/full/0/native.jpg"
Z185912505_00255_page255_02.jpg,"animals,25F|plants;vegetation,25G","https://iiif.onb.ac.at/images/ABO/Z185912505/00255/213,1228,1058,860/full/0/native.jpg"
Z185912505_00258_page258_01.jpg,"animals,25F","https://iiif.onb.ac.at/images/ABO/Z185912505/00258/453,2530,779,593/full/0/native.jpg"
Z185912505_00259_page259_01.jpg,"landscapes,25H","https://iiif.onb.ac.at/images/ABO/Z185912505/00259/318,1952,1355,1236/full/0/native.jpg"
Z185912505_00260_page260_01.jpg,"landscapes,25H","https://iiif.onb.ac.at/images/ABO/Z185912505/00260/468,1271,784,598/full/0/native.jpg"
Z185912505_00261_page261_01.jpg,"landscapes,25H","https://iiif.onb.ac.at/images/ABO/Z185912505/00261/257,1854,1530,903/full/0/native.jpg"
Z185912505_00261_page261_02.jpg,"landscapes,25H|plants;vegetation,25G","https://iiif.onb.ac.at/images/ABO/Z185912505/00261/162,427,938,926/full/0/native.jpg"
Z185912505_00262_page262_02.jpg,"animals,25F","https://iiif.onb.ac.at/images/ABO/Z185912505/00262/472,600,786,596/full/0/native.jpg"
Z185912505_00266_page266_01.jpg,"landscapes,25H|plants;vegetation,25G","https://iiif.onb.ac.at/images/ABO/Z185912505/00266/458,1435,773,578/full/0/native.jpg"
Z185912505_00268_page268_03.jpg,"landscapes,25H","https://iiif.onb.ac.at/images/ABO/Z185912505/00268/436,504,798,577/full/0/native.jpg"
Z185912505_00269_page269_02.jpg,"plants;vegetation,25G|animals,25F|landscapes,25H","https://iiif.onb.ac.at/images/ABO/Z185912505/00269/165,1397,793,587/full/0/native.jpg"
Z185912505_00271_page271_01.jpg,"animals,25F","https://iiif.onb.ac.at/images/ABO/Z185912505/00271/252,1414,777,530/full/0/native.jpg"
Z185912505_00272_page272_01.jpg,"maps;atlases,25A","https://iiif.onb.ac.at/images/ABO/Z185912505/00272/23,504,2329,2781/full/0/native.jpg"
Z185912505_00273_page273_01.jpg,"maps;atlases,25A","https://iiif.onb.ac.at/images/ABO/Z185912505/00273/0,505,2358,2760/full/0/native.jpg"
Z185912505_00274_page274_02.jpg,"plants;vegetation,25G|animals,25F|landscapes,25H","https://iiif.onb.ac.at/images/ABO/Z185912505/00274/356,314,1135,643/full/0/native.jpg"
Z185912505_00283_page283_01.jpg,"animals,25F","https://iiif.onb.ac.at/images/ABO/Z185912505/00283/195,1817,1013,707/full/0/native.jpg"
Z185912505_00284_page284_01.jpg,"landscapes,25H|animals,25F|plants;vegetation,25G","https://iiif.onb.ac.at/images/ABO/Z185912505/00284/472,780,848,589/full/0/native.jpg"
Z185912505_00285_page285_01.jpg,"animals,25F","https://iiif.onb.ac.at/images/ABO/Z185912505/00285/174,2493,787,609/full/0/native.jpg"
Z185912505_00323_page323_01.jpg,"animals,25F","https://iiif.onb.ac.at/images/ABO/Z185912505/00323/98,2284,986,922/full/0/native.jpg"
Z185912505_00323_page323_02.jpg,"landscapes,25H|plants;vegetation,25G","https://iiif.onb.ac.at/images/ABO/Z185912505/00323/106,966,743,907/full/0/native.jpg"
Z185912505_00335_page335_01.jpg,"animals,25F|plants;vegetation,25G","https://iiif.onb.ac.at/images/ABO/Z185912505/00335/382,706,1046,848/full/0/native.jpg"
Z185912505_00336_page336_01.jpg,"landscapes,25H|maps;atlases,25A","https://iiif.onb.ac.at/images/ABO/Z185912505/00336/105,618,2271,2411/full/0/native.jpg"
Z185912505_00337_page337_01.jpg,"landscapes,25H|maps;atlases,25A","https://iiif.onb.ac.at/images/ABO/Z185912505/00337/3,585,2358,2406/full/0/native.jpg"
Z185912505_00364_page364_01.jpg,"animals,25F","https://iiif.onb.ac.at/images/ABO/Z185912505/00364/439,907,787,570/full/0/native.jpg"
Z185912505_00365_page365_01.jpg,"landscapes,25H","https://iiif.onb.ac.at/images/ABO/Z185912505/00365/219,815,1907,1393/full/0/native.jpg"
Z185912505_00367_page367_01.jpg,"landscapes,25H|plants;vegetation,25G","https://iiif.onb.ac.at/images/ABO/Z185912505/00367/1074,1902,779,575/full/0/native.jpg"
Z185912505_00368_page368_02.jpg,"landscapes,25H","https://iiif.onb.ac.at/images/ABO/Z185912505/00368/471,1978,781,591/full/0/native.jpg"
Z185912505_00371_page371_01.jpg,"landscapes,25H|animals,25F","https://iiif.onb.ac.at/images/ABO/Z185912505/00371/213,2059,829,525/full/0/native.jpg"
Z185912505_00372_page372_01.jpg,"landscapes,25H|plants;vegetation,25G","https://iiif.onb.ac.at/images/ABO/Z185912505/00372/214,933,2093,1098/full/0/native.jpg"
Z185912505_00378_page378_03.jpg,"plants;vegetation,25G","https://iiif.onb.ac.at/images/ABO/Z185912505/00378/444,377,787,611/full/0/native.jpg"
Z185912505_00380_page380_01.jpg,"plants;vegetation,25G","https://iiif.onb.ac.at/images/ABO/Z185912505/00380/408,867,983,960/full/0/native.jpg"
Z185912505_00381_page381_01.jpg,"plants;vegetation,25G","https://iiif.onb.ac.at/images/ABO/Z185912505/00381/191,1973,790,586/full/0/native.jpg"
Z185912505_00385_page385_01.jpg,"animals,25F|plants;vegetation,25G","https://iiif.onb.ac.at/images/ABO/Z185912505/00385/168,2164,788,581/full/0/native.jpg"
Z185912505_00386_page386_01.jpg,"animals,25F|plants;vegetation,25G","https://iiif.onb.ac.at/images/ABO/Z185912505/00386/434,2571,780,576/full/0/native.jpg"
Z185912505_00386_page386_02.jpg,"animals,25F","https://iiif.onb.ac.at/images/ABO/Z185912505/00386/438,1256,790,619/full/0/native.jpg"
Z185912505_00386_page386_03.jpg,"animals,25F|plants;vegetation,25G","https://iiif.onb.ac.at/images/ABO/Z185912505/00386/445,330,778,612/full/0/native.jpg"
Z185912505_00388_page388_01.jpg,"animals,25F","https://iiif.onb.ac.at/images/ABO/Z185912505/00388/469,1576,792,600/full/0/native.jpg"
Z185912505_00395_page395_01.jpg,"animals,25F|plants;vegetation,25G","https://iiif.onb.ac.at/images/ABO/Z185912505/00395/142,2448,827,538/full/0/native.jpg"
Z185912505_00395_page395_02.jpg,"animals,25F|plants;vegetation,25G","https://iiif.onb.ac.at/images/ABO/Z185912505/00395/160,1676,765,587/full/0/native.jpg"
Z185912505_00396_page396_01.jpg,"plants;vegetation,25G","https://iiif.onb.ac.at/images/ABO/Z185912505/00396/489,1669,758,585/full/0/native.jpg"
Z185912505_00403_page403_01.jpg,"landscapes,25H","https://iiif.onb.ac.at/images/ABO/Z185912505/00403/405,406,1371,1272/full/0/native.jpg"
Z185912505_00406_page406_01.jpg,"plants;vegetation,25G|maps;atlases,25A","https://iiif.onb.ac.at/images/ABO/Z185912505/00406/442,2563,790,602/full/0/native.jpg"
Z185912505_00407_page407_01.jpg,"landscapes,25H","https://iiif.onb.ac.at/images/ABO/Z185912505/00407/160,2379,793,617/full/0/native.jpg"
Z185912505_00411_page411_01.jpg,"landscapes,25H|plants;vegetation,25G","https://iiif.onb.ac.at/images/ABO/Z185912505/00411/194,1430,1053,662/full/0/native.jpg"
Z185912505_00413_page413_01.jpg,"animals,25F|plants;vegetation,25G","https://iiif.onb.ac.at/images/ABO/Z185912505/00413/206,2111,1049,879/full/0/native.jpg"
Z185912505_00415_page415_01.jpg,"landscapes,25H","https://iiif.onb.ac.at/images/ABO/Z185912505/00415/201,741,780,593/full/0/native.jpg"
Z185912505_00416_page416_01.jpg,"landscapes,25H","https://iiif.onb.ac.at/images/ABO/Z185912505/00416/628,443,1378,1267/full/0/native.jpg"
Z185912505_00418_page418_02.jpg,"landscapes,25H","https://iiif.onb.ac.at/images/ABO/Z185912505/00418/458,634,781,599/full/0/native.jpg"
Z185912505_00419_page419_01.jpg,"landscapes,25H","https://iiif.onb.ac.at/images/ABO/Z185912505/00419/161,750,784,575/full/0/native.jpg"
Z185912505_00422_page422_01.jpg,"landscapes,25H","https://iiif.onb.ac.at/images/ABO/Z185912505/00422/493,1444,763,596/full/0/native.jpg"
Z185912505_00424_page424_01.jpg,"landscapes,25H|plants;vegetation,25G|animals,25F","https://iiif.onb.ac.at/images/ABO/Z185912505/00424/509,1514,788,614/full/0/native.jpg"
Z185912505_00425_page425_01.jpg,"animals,25F|plants;vegetation,25G","https://iiif.onb.ac.at/images/ABO/Z185912505/00425/203,1076,788,600/full/0/native.jpg"
Z185912505_00429_page429_01.jpg,"plants;vegetation,25G","https://iiif.onb.ac.at/images/ABO/Z185912505/00429/189,2568,767,593/full/0/native.jpg"
Z185912505_00432_page432_01.jpg,"maps;atlases,25A","https://iiif.onb.ac.at/images/ABO/Z185912505/00432/254,472,2050,2856/full/0/native.jpg"
Z185912505_00434_page434_01.jpg,"landscapes,25H|animals,25F|plants;vegetation,25G","https://iiif.onb.ac.at/images/ABO/Z185912505/00434/658,2035,1370,844/full/0/native.jpg"
Z185912505_00434_page434_02.jpg,"animals,25F","https://iiif.onb.ac.at/images/ABO/Z185912505/00434/483,1379,751,584/full/0/native.jpg"
Z185912505_00437_page437_01.jpg,"animals,25F","https://iiif.onb.ac.at/images/ABO/Z185912505/00437/260,848,1172,724/full/0/native.jpg"
Z185912505_00443_page443_01.jpg,"landscapes,25H","https://iiif.onb.ac.at/images/ABO/Z185912505/00443/171,1178,809,725/full/0/native.jpg"
Z185912505_00444_page444_01.jpg,"landscapes,25H","https://iiif.onb.ac.at/images/ABO/Z185912505/00444/492,2549,1012,563/full/0/native.jpg"
Z185912505_00453_page453_01.jpg,"landscapes,25H","https://iiif.onb.ac.at/images/ABO/Z185912505/00453/172,2457,781,575/full/0/native.jpg"
Z185912505_00455_page455_01.jpg,"landscapes,25H|plants;vegetation,25G","https://iiif.onb.ac.at/images/ABO/Z185912505/00455/16,444,2146,1095/full/0/native.jpg"
Z185912505_00457_page457_01.jpg,"landscapes,25H","https://iiif.onb.ac.at/images/ABO/Z185912505/00457/27,1309,2202,1672/full/0/native.jpg"
Z185912505_00489_page489_01.jpg,"landscapes,25H|plants;vegetation,25G","https://iiif.onb.ac.at/images/ABO/Z185912505/00489/174,1400,929,923/full/0/native.jpg"
Z185912505_00511_page511_01.jpg,"maps;atlases,25A","https://iiif.onb.ac.at/images/ABO/Z185912505/00511/181,1280,1873,1460/full/0/native.jpg"
Z185912505_00526_page526_01.jpg,"plants;vegetation,25G|maps;atlases,25A","https://iiif.onb.ac.at/images/ABO/Z185912505/00526/369,1481,1802,1479/full/0/native.jpg"
Z185912505_00548_page548_01.jpg,"plants;vegetation,25G|maps;atlases,25A","https://iiif.onb.ac.at/images/ABO/Z185912505/00548/319,594,1839,1461/full/0/native.jpg"
Z185912505_00555_page555_01.jpg,"plants;vegetation,25G|landscapes,25H","https://iiif.onb.ac.at/images/ABO/Z185912505/00555/221,1720,942,911/full/0/native.jpg"
Z185912505_00556_page556_01.jpg,"maps;atlases,25A","https://iiif.onb.ac.at/images/ABO/Z185912505/00556/353,929,1836,1415/full/0/native.jpg"
Z185912505_00566_page566_01.jpg,"maps;atlases,25A","https://iiif.onb.ac.at/images/ABO/Z185912505/00566/386,1783,1856,1450/full/0/native.jpg"
Z185912505_00573_page573_01.jpg,"maps;atlases,25A","https://iiif.onb.ac.at/images/ABO/Z185912505/00573/227,1093,1851,1436/full/0/native.jpg"
Z185912505_00580_page580_01.jpg,"maps;atlases,25A","https://iiif.onb.ac.at/images/ABO/Z185912505/00580/378,452,1862,1464/full/0/native.jpg"
Z185912505_00595_page595_01.jpg,"maps;atlases,25A","https://iiif.onb.ac.at/images/ABO/Z185912505/00595/273,1109,1831,1431/full/0/native.jpg"
Z185912505_00628_page628_01.jpg,"maps;atlases,25A","https://iiif.onb.ac.at/images/ABO/Z185912505/00628/183,657,2047,2840/full/0/native.jpg"
Z185912505_00642_page642_01.jpg,"animals,25F","https://iiif.onb.ac.at/images/ABO/Z185912505/00642/727,1039,1033,1288/full/0/native.jpg"
Z186388101_00012_page12_01.jpg,"animals,25F","https://iiif.onb.ac.at/images/ABO/Z186388101/00012/282,324,1169,835/full/0/native.jpg"
Z186388101_00023_page23_01.jpg,"animals,25F","https://iiif.onb.ac.at/images/ABO/Z186388101/00023/265,131,1141,792/full/0/native.jpg"
Z186388101_00027_page27_01.jpg,"animals,25F","https://iiif.onb.ac.at/images/ABO/Z186388101/00027/162,457,1135,796/full/0/native.jpg"
Z186388101_00037_page37_01.jpg,"animals,25F","https://iiif.onb.ac.at/images/ABO/Z186388101/00037/191,1124,1153,757/full/0/native.jpg"
Z186388101_00045_page45_01.jpg,"animals,25F","https://iiif.onb.ac.at/images/ABO/Z186388101/00045/238,142,1159,823/full/0/native.jpg"
Z186388101_00057_page57_01.jpg,"animals,25F","https://iiif.onb.ac.at/images/ABO/Z186388101/00057/444,187,855,796/full/0/native.jpg"
Z186388101_00074_page74_01.jpg,"animals,25F","https://iiif.onb.ac.at/images/ABO/Z186388101/00074/285,102,1168,803/full/0/native.jpg"
Z186388101_00086_page86_01.jpg,"animals,25F","https://iiif.onb.ac.at/images/ABO/Z186388101/00086/294,194,1168,818/full/0/native.jpg"
Z186388101_00089_page89_01.jpg,"animals,25F","https://iiif.onb.ac.at/images/ABO/Z186388101/00089/163,78,1171,791/full/0/native.jpg"
Z186388101_00098_page98_01.jpg,"animals,25F","https://iiif.onb.ac.at/images/ABO/Z186388101/00098/287,1034,1142,816/full/0/native.jpg"
Z186388101_00105_page105_01.jpg,"landscapes,25H|plants;vegetation,25G","https://iiif.onb.ac.at/images/ABO/Z186388101/00105/178,1036,1116,824/full/0/native.jpg"
Z186388101_00107_page107_01.jpg,"animals,25F","https://iiif.onb.ac.at/images/ABO/Z186388101/00107/168,87,1175,807/full/0/native.jpg"
Z186388101_00127_page127_01.jpg,"plants;vegetation,25G","https://iiif.onb.ac.at/images/ABO/Z186388101/00127/166,1103,1154,745/full/0/native.jpg"
Z186388101_00130_page130_01.jpg,"animals,25F","https://iiif.onb.ac.at/images/ABO/Z186388101/00130/305,488,1157,807/full/0/native.jpg"
Z186388101_00134_page134_01.jpg,"animals,25F","https://iiif.onb.ac.at/images/ABO/Z186388101/00134/282,317,1160,812/full/0/native.jpg"
Z186388101_00139_page139_01.jpg,"landscapes,25H|plants;vegetation,25G","https://iiif.onb.ac.at/images/ABO/Z186388101/00139/194,1058,1120,842/full/0/native.jpg"
Z186388101_00143_page143_01.jpg,"landscapes,25H","https://iiif.onb.ac.at/images/ABO/Z186388101/00143/152,567,1143,804/full/0/native.jpg"
Z186388101_00173_page173_01.jpg,"plants;vegetation,25G","https://iiif.onb.ac.at/images/ABO/Z186388101/00173/162,91,1166,770/full/0/native.jpg"
Z186388101_00182_page182_01.jpg,"plants;vegetation,25G","https://iiif.onb.ac.at/images/ABO/Z186388101/00182/285,1082,1140,791/full/0/native.jpg"
Z186388101_00219_page219_01.jpg,"animals,25F","https://iiif.onb.ac.at/images/ABO/Z186388101/00219/164,558,1160,812/full/0/native.jpg"
Z197267901_00007_page7_01.jpg,"animals,25F","https://iiif.onb.ac.at/images/ABO/Z197267901/00007/408,1379,496,550/full/0/native.jpg"
Z253367704_00005_page5_01.jpg,"plants;vegetation,25G","https://iiif.onb.ac.at/images/ABO/Z253367704/00005/962,2495,616,696/full/0/native.jpg"
Z253367704_00007_page7_01.jpg,"animals,25F|plants;vegetation,25G","https://iiif.onb.ac.at/images/ABO/Z253367704/00007/557,771,1263,1442/full/0/native.jpg"
Z253367704_00014_page14_01.jpg,"animals,25F","https://iiif.onb.ac.at/images/ABO/Z253367704/00014/668,1727,1277,1464/full/0/native.jpg"
Z253367704_00017_page17_01.jpg,"animals,25F|plants;vegetation,25G","https://iiif.onb.ac.at/images/ABO/Z253367704/00017/243,1868,1785,1410/full/0/native.jpg"
Z253367704_00021_page21_01.jpg,"landscapes,25H|animals,25F","https://iiif.onb.ac.at/images/ABO/Z253367704/00021/249,1401,1787,1295/full/0/native.jpg"
Z253367704_00026_page26_01.jpg,"landscapes,25H","https://iiif.onb.ac.at/images/ABO/Z253367704/00026/478,499,1710,1236/full/0/native.jpg"
Z253367704_00027_page27_01.jpg,"landscapes,25H|plants;vegetation,25G","https://iiif.onb.ac.at/images/ABO/Z253367704/00027/222,719,1785,1298/full/0/native.jpg"
Z253367704_00032_page32_01.jpg,"animals,25F","https://iiif.onb.ac.at/images/ABO/Z253367704/00032/456,567,1723,1224/full/0/native.jpg"
Z253367704_00035_page35_01.jpg,"landscapes,25H|animals,25F|plants;vegetation,25G","https://iiif.onb.ac.at/images/ABO/Z253367704/00035/177,636,1803,1302/full/0/native.jpg"
Z253367704_00037_page37_01.jpg,"animals,25F|plants;vegetation,25G","https://iiif.onb.ac.at/images/ABO/Z253367704/00037/239,999,1799,1300/full/0/native.jpg"
Z253367704_00039_page39_01.jpg,"landscapes,25H|animals,25F","https://iiif.onb.ac.at/images/ABO/Z253367704/00039/245,564,1810,1325/full/0/native.jpg"
Z253367704_00045_page45_01.jpg,"animals,25F","https://iiif.onb.ac.at/images/ABO/Z253367704/00045/174,489,1816,1336/full/0/native.jpg"
Z253367704_00048_page48_01.jpg,"animals,25F","https://iiif.onb.ac.at/images/ABO/Z253367704/00048/374,456,1883,1155/full/0/native.jpg"
Z253367704_00050_page50_01.jpg,"animals,25F|plants;vegetation,25G","https://iiif.onb.ac.at/images/ABO/Z253367704/00050/537,1467,1716,1204/full/0/native.jpg"
Z253367704_00053_page53_01.jpg,"animals,25F","https://iiif.onb.ac.at/images/ABO/Z253367704/00053/235,500,1818,1306/full/0/native.jpg"
Z253367704_00058_page58_01.jpg,"landscapes,25H","https://iiif.onb.ac.at/images/ABO/Z253367704/00058/450,1555,1840,1300/full/0/native.jpg"
Z253367704_00060_page60_01.jpg,"landscapes,25H|animals,25F","https://iiif.onb.ac.at/images/ABO/Z253367704/00060/466,1596,1780,1315/full/0/native.jpg"
Z253367704_00062_page62_01.jpg,"animals,25F","https://iiif.onb.ac.at/images/ABO/Z253367704/00062/401,494,1894,1171/full/0/native.jpg"
Z253367704_00063_page63_01.jpg,"landscapes,25H|animals,25F","https://iiif.onb.ac.at/images/ABO/Z253367704/00063/177,1788,1866,1208/full/0/native.jpg"
Z253367704_00065_page65_01.jpg,"landscapes,25H|animals,25F","https://iiif.onb.ac.at/images/ABO/Z253367704/00065/184,1934,1854,1176/full/0/native.jpg"
Z253367704_00068_page68_01.jpg,"animals,25F","https://iiif.onb.ac.at/images/ABO/Z253367704/00068/465,1851,1717,1212/full/0/native.jpg"
Z253367704_00078_page78_01.jpg,"animals,25F","https://iiif.onb.ac.at/images/ABO/Z253367704/00078/453,733,1816,1308/full/0/native.jpg"
Z253367704_00090_page90_01.jpg,"animals,25F","https://iiif.onb.ac.at/images/ABO/Z253367704/00090/539,809,1721,1206/full/0/native.jpg"
Z253367704_00103_page103_01.jpg,"animals,25F|plants;vegetation,25G","https://iiif.onb.ac.at/images/ABO/Z253367704/00103/288,1803,1724,1239/full/0/native.jpg"
Z253367704_00105_page105_01.jpg,"landscapes,25H","https://iiif.onb.ac.at/images/ABO/Z253367704/00105/222,1771,1852,1356/full/0/native.jpg"
Z253367704_00107_page107_01.jpg,"landscapes,25H|animals,25F","https://iiif.onb.ac.at/images/ABO/Z253367704/00107/260,1802,1700,1320/full/0/native.jpg"
Z253367704_00110_page110_01.jpg,"animals,25F","https://iiif.onb.ac.at/images/ABO/Z253367704/00110/432,1266,1874,1142/full/0/native.jpg"
Z253367704_00112_page112_01.jpg,"landscapes,25H|plants;vegetation,25G","https://iiif.onb.ac.at/images/ABO/Z253367704/00112/475,1452,1782,1307/full/0/native.jpg"
Z253367704_00115_page115_01.jpg,"animals,25F|landscapes,25H","https://iiif.onb.ac.at/images/ABO/Z253367704/00115/191,1925,1799,1315/full/0/native.jpg"
Z253367704_00119_page119_01.jpg,"landscapes,25H|animals,25F","https://iiif.onb.ac.at/images/ABO/Z253367704/00119/163,495,1898,1162/full/0/native.jpg"
Z253367704_00120_page120_01.jpg,"landscapes,25H|animals,25F","https://iiif.onb.ac.at/images/ABO/Z253367704/00120/474,567,1839,1349/full/0/native.jpg"
Z253367704_00121_page121_01.jpg,"animals,25F","https://iiif.onb.ac.at/images/ABO/Z253367704/00121/240,621,1714,1215/full/0/native.jpg"
Z253367704_00125_page125_01.jpg,"animals,25F","https://iiif.onb.ac.at/images/ABO/Z253367704/00125/176,466,1846,1351/full/0/native.jpg"
Z253367704_00131_page131_01.jpg,"landscapes,25H","https://iiif.onb.ac.at/images/ABO/Z253367704/00131/162,524,1882,1334/full/0/native.jpg"
Z253367704_00166_page166_01.jpg,"plants;vegetation,25G","https://iiif.onb.ac.at/images/ABO/Z253367704/00166/643,1263,1394,1361/full/0/native.jpg"
Z253367704_00169_page169_01.jpg,"plants;vegetation,25G","https://iiif.onb.ac.at/images/ABO/Z253367704/00169/400,1216,1406,1332/full/0/native.jpg"
Z253367704_00317_page317_01.jpg,"plants;vegetation,25G","https://iiif.onb.ac.at/images/ABO/Z253367704/00317/377,1316,1392,1368/full/0/native.jpg"
Z253367704_00367_page367_01.jpg,"animals,25F","https://iiif.onb.ac.at/images/ABO/Z253367704/00367/531,860,1067,1508/full/0/native.jpg"
Z253367704_00377_page377_01.jpg,"animals,25F","https://iiif.onb.ac.at/images/ABO/Z253367704/00377/289,725,1705,1207/full/0/native.jpg"
Z253367704_00387_page387_01.jpg,"animals,25F|plants;vegetation,25G","https://iiif.onb.ac.at/images/ABO/Z253367704/00387/343,549,1726,1208/full/0/native.jpg"
Z253367704_00391_page391_01.jpg,"landscapes,25H|animals,25F|plants;vegetation,25G","https://iiif.onb.ac.at/images/ABO/Z253367704/00391/375,538,1751,1211/full/0/native.jpg"
Z253367704_00396_page396_01.jpg,"animals,25F|plants;vegetation,25G","https://iiif.onb.ac.at/images/ABO/Z253367704/00396/498,1422,1786,1201/full/0/native.jpg"
Z253367704_00403_page403_01.jpg,"plants;vegetation,25G","https://iiif.onb.ac.at/images/ABO/Z253367704/00403/406,1076,1597,1226/full/0/native.jpg"
Z253367704_00414_page414_01.jpg,"landscapes,25H","https://iiif.onb.ac.at/images/ABO/Z253367704/00414/491,562,1723,1178/full/0/native.jpg"
Z253367704_00419_page419_01.jpg,"animals,25F|plants;vegetation,25G","https://iiif.onb.ac.at/images/ABO/Z253367704/00419/239,1439,1717,1203/full/0/native.jpg"
Z253367704_00429_page429_01.jpg,"animals,25F","https://iiif.onb.ac.at/images/ABO/Z253367704/00429/378,956,1727,1204/full/0/native.jpg"
Z253367704_00431_page431_01.jpg,"animals,25F","https://iiif.onb.ac.at/images/ABO/Z253367704/00431/336,936,1730,1221/full/0/native.jpg"
Z253367704_00440_page440_01.jpg,"animals,25F|plants;vegetation,25G","https://iiif.onb.ac.at/images/ABO/Z253367704/00440/513,802,1737,1228/full/0/native.jpg"
Z253367704_00446_page446_01.jpg,"animals,25F","https://iiif.onb.ac.at/images/ABO/Z253367704/00446/470,1674,1749,1200/full/0/native.jpg"
Z253367704_00462_page462_01.jpg,"animals,25F|plants;vegetation,25G","https://iiif.onb.ac.at/images/ABO/Z253367704/00462/541,684,1765,1210/full/0/native.jpg"
Z253367704_00466_page466_01.jpg,"animals,25F","https://iiif.onb.ac.at/images/ABO/Z253367704/00466/536,1747,1733,1216/full/0/native.jpg"
Z253367704_00471_page471_01.jpg,"animals,25F|plants;vegetation,25G","https://iiif.onb.ac.at/images/ABO/Z253367704/00471/223,1006,1733,1202/full/0/native.jpg"
Z253367704_00477_page477_01.jpg,"plants;vegetation,25G","https://iiif.onb.ac.at/images/ABO/Z253367704/00477/341,1090,1591,1238/full/0/native.jpg"
Z253367704_00479_page479_01.jpg,"landscapes,25H","https://iiif.onb.ac.at/images/ABO/Z253367704/00479/272,995,1706,1211/full/0/native.jpg"
Z253367704_00489_page489_01.jpg,"animals,25F","https://iiif.onb.ac.at/images/ABO/Z253367704/00489/163,1080,1830,1309/full/0/native.jpg"
Z253367704_00495_page495_01.jpg,"landscapes,25H|animals,25F|plants;vegetation,25G","https://iiif.onb.ac.at/images/ABO/Z253367704/00495/190,971,1843,1273/full/0/native.jpg"
Z253367704_00498_page498_01.jpg,"animals,25F","https://iiif.onb.ac.at/images/ABO/Z253367704/00498/1014,647,1717,1290/full/0/native.jpg"
Z253367704_00501_page501_01.jpg,"animals,25F","https://iiif.onb.ac.at/images/ABO/Z253367704/00501/131,947,1950,1321/full/0/native.jpg"
Z253367704_00507_page507_01.jpg,"landscapes,25H|animals,25F","https://iiif.onb.ac.at/images/ABO/Z253367704/00507/190,1545,1818,1276/full/0/native.jpg"
Z253367704_00513_page513_01.jpg,"landscapes,25H|animals,25F","https://iiif.onb.ac.at/images/ABO/Z253367704/00513/217,1904,1832,1315/full/0/native.jpg"
Z253367704_00515_page515_01.jpg,"landscapes,25H|animals,25F|plants;vegetation,25G","https://iiif.onb.ac.at/images/ABO/Z253367704/00515/277,1989,1746,1207/full/0/native.jpg"
Z253367704_00518_page518_01.jpg,"animals,25F|plants;vegetation,25G","https://iiif.onb.ac.at/images/ABO/Z253367704/00518/680,928,1734,1202/full/0/native.jpg"
Z253367704_00524_page524_01.jpg,"landscapes,25H|animals,25F","https://iiif.onb.ac.at/images/ABO/Z253367704/00524/719,1173,1836,1320/full/0/native.jpg"
Z253367704_00531_page531_01.jpg,"animals,25F","https://iiif.onb.ac.at/images/ABO/Z253367704/00531/273,1057,1752,1229/full/0/native.jpg"
Z253367704_00538_page538_01.jpg,"animals,25F","https://iiif.onb.ac.at/images/ABO/Z253367704/00538/454,1208,1835,1309/full/0/native.jpg"
Z253367704_00541_page541_01.jpg,"plants;vegetation,25G","https://iiif.onb.ac.at/images/ABO/Z253367704/00541/303,1009,1620,1242/full/0/native.jpg"
Z253367704_00550_page550_01.jpg,"landscapes,25H|animals,25F","https://iiif.onb.ac.at/images/ABO/Z253367704/00550/477,922,1845,1340/full/0/native.jpg"
Z253367704_00553_page553_01.jpg,"landscapes,25H|animals,25F|plants;vegetation,25G","https://iiif.onb.ac.at/images/ABO/Z253367704/00553/199,1798,1853,1328/full/0/native.jpg"
Z253367704_00555_page555_01.jpg,"animals,25F","https://iiif.onb.ac.at/images/ABO/Z253367704/00555/241,1187,1728,1219/full/0/native.jpg"
Z253367704_00561_page561_01.jpg,"animals,25F|plants;vegetation,25G","https://iiif.onb.ac.at/images/ABO/Z253367704/00561/307,861,1766,1226/full/0/native.jpg"
Z253367704_00565_page565_01.jpg,"animals,25F","https://iiif.onb.ac.at/images/ABO/Z253367704/00565/262,1861,1846,1436/full/0/native.jpg"
Z253367704_00568_page568_01.jpg,"landscapes,25H|animals,25F","https://iiif.onb.ac.at/images/ABO/Z253367704/00568/684,1054,1884,1290/full/0/native.jpg"
Z253367704_00573_page573_01.jpg,"landscapes,25H|plants;vegetation,25G","https://iiif.onb.ac.at/images/ABO/Z253367704/00573/279,1249,1815,1304/full/0/native.jpg"
Z253367704_00574_page574_01.jpg,"animals,25F|plants;vegetation,25G","https://iiif.onb.ac.at/images/ABO/Z253367704/00574/801,1575,1756,1212/full/0/native.jpg"
Z253367704_00582_page582_01.jpg,"animals,25F","https://iiif.onb.ac.at/images/ABO/Z253367704/00582/718,772,1867,1317/full/0/native.jpg"
Z253367704_00586_page586_01.jpg,"animals,25F","https://iiif.onb.ac.at/images/ABO/Z253367704/00586/791,1858,1729,1238/full/0/native.jpg"
Z253367704_00596_page596_01.jpg,"landscapes,25H|animals,25F","https://iiif.onb.ac.at/images/ABO/Z253367704/00596/794,1374,1858,1405/full/0/native.jpg"
Z253367704_00599_page599_01.jpg,"plants;vegetation,25G","https://iiif.onb.ac.at/images/ABO/Z253367704/00599/352,811,1612,1235/full/0/native.jpg"
Z253367704_00603_page603_01.jpg,"plants;vegetation,25G","https://iiif.onb.ac.at/images/ABO/Z253367704/00603/322,972,1840,1306/full/0/native.jpg"
Z253367704_00609_page609_01.jpg,"animals,25F|plants;vegetation,25G","https://iiif.onb.ac.at/images/ABO/Z253367704/00609/334,940,1785,1215/full/0/native.jpg"
Z253367704_00612_page612_01.jpg,"landscapes,25H|animals,25F","https://iiif.onb.ac.at/images/ABO/Z253367704/00612/430,1720,1814,1309/full/0/native.jpg"
Z253367704_00614_page614_01.jpg,"landscapes,25H|animals,25F","https://iiif.onb.ac.at/images/ABO/Z253367704/00614/410,1072,1859,1313/full/0/native.jpg"
Z253367704_00621_page621_01.jpg,"landscapes,25H","https://iiif.onb.ac.at/images/ABO/Z253367704/00621/215,1546,1881,1309/full/0/native.jpg"
Z253367704_00628_page628_01.jpg,"landscapes,25H|plants;vegetation,25G","https://iiif.onb.ac.at/images/ABO/Z253367704/00628/455,1424,1832,1283/full/0/native.jpg"
Z253367704_00630_page630_01.jpg,"animals,25F","https://iiif.onb.ac.at/images/ABO/Z253367704/00630/443,634,1894,1368/full/0/native.jpg"
Z253367704_00633_page633_01.jpg,"animals,25F","https://iiif.onb.ac.at/images/ABO/Z253367704/00633/323,656,1812,1283/full/0/native.jpg"
Z253367704_00634_page634_01.jpg,"landscapes,25H|animals,25F","https://iiif.onb.ac.at/images/ABO/Z253367704/00634/438,1117,1873,1343/full/0/native.jpg"
Z253367704_00636_page636_01.jpg,"animals,25F","https://iiif.onb.ac.at/images/ABO/Z253367704/00636/445,572,1790,1269/full/0/native.jpg"
Z253367704_00640_page640_01.jpg,"animals,25F","https://iiif.onb.ac.at/images/ABO/Z253367704/00640/410,979,1861,1300/full/0/native.jpg"
Z253367704_00652_page652_01.jpg,"animals,25F|plants;vegetation,25G","https://iiif.onb.ac.at/images/ABO/Z253367704/00652/486,1953,1751,1216/full/0/native.jpg"
Z253367704_00656_page656_01.jpg,"animals,25F|plants;vegetation,25G","https://iiif.onb.ac.at/images/ABO/Z253367704/00656/789,1674,1840,1363/full/0/native.jpg"
Z253367704_00659_page659_01.jpg,"landscapes,25H|plants;vegetation,25G","https://iiif.onb.ac.at/images/ABO/Z253367704/00659/232,1506,1790,1305/full/0/native.jpg"
Z253367704_00664_page664_01.jpg,"landscapes,25H|animals,25F|plants;vegetation,25G","https://iiif.onb.ac.at/images/ABO/Z253367704/00664/846,1537,1851,1292/full/0/native.jpg"
Z253367704_00667_page667_01.jpg,"animals,25F|plants;vegetation,25G","https://iiif.onb.ac.at/images/ABO/Z253367704/00667/301,1006,1735,1199/full/0/native.jpg"
Z253367704_00668_page668_01.jpg,"animals,25F","https://iiif.onb.ac.at/images/ABO/Z253367704/00668/845,1659,1803,1459/full/0/native.jpg"
Z253367704_00669_page669_01.jpg,"animals,25F","https://iiif.onb.ac.at/images/ABO/Z253367704/00669/322,1177,1744,1216/full/0/native.jpg"
Z253367704_00670_page670_01.jpg,"landscapes,25H","https://iiif.onb.ac.at/images/ABO/Z253367704/00670/803,1709,1769,1237/full/0/native.jpg"
Z253367704_00676_page676_01.jpg,"landscapes,25H|animals,25F","https://iiif.onb.ac.at/images/ABO/Z253367704/00676/857,771,1828,1260/full/0/native.jpg"
Z253367704_00677_page677_01.jpg,"animals,25F","https://iiif.onb.ac.at/images/ABO/Z253367704/00677/185,1020,1904,1159/full/0/native.jpg"
Z253367704_00679_page679_01.jpg,"landscapes,25H","https://iiif.onb.ac.at/images/ABO/Z253367704/00679/250,1211,1872,1314/full/0/native.jpg"
Z253367704_00681_page681_01.jpg,"plants;vegetation,25G","https://iiif.onb.ac.at/images/ABO/Z253367704/00681/398,1917,1600,1232/full/0/native.jpg"
